paper,name,is_pure,smiles,mixture_components,fuel_type,is_biofuel,feedstock,subclass,density_at_15_kg_m3,density_at_20_kg_m3,density_at_25_kg_m3,density_at_60_kg_m3,dynamic_viscosity_at_20_mPa_s,dynamic_viscosity_at_25_mPa_s,dynamic_viscosity_at_60_mPa_s,kinematic_viscosity_at_20_cST,kinematic_viscosity_at_40_cST,lower_heating_value_MJ_kg,D(CN),measurement_type,injection_timing_CAD_BTDC,ignition_delay_CAD,YSI,total_particulate_mass_concentration_mg_m2,NOTES,,,,,,
Hellier et al. - 2013 - The importance of double bond position and cisâ€“trans isomerisation in diesel combustion and emissions,Reference fossil diesel,M,multiple,,fossil fuel,N,,complex hydrocarbon mixture,,834.5,,,,,,,,43.14,51.7,,7.5,6,,,,,,,,,
Hellier et al. - 2013 - The importance of double bond position and cisâ€“trans isomerisation in diesel combustion and emissions,n-octane,P,CCCCCCCC,,pure hydrocarbon compounds,N,synthetic (laboratory chemical),alkene,,702.8,,,0.546,,,,,44.79,64.1,,7.5,5.6,,,,,,,,,
Hellier et al. - 2013 - The importance of double bond position and cisâ€“trans isomerisation in diesel combustion and emissions,1-octene,P,C=CCCCCCC,,pure hydrocarbon compounds,N,synthetic (laboratory chemical),alkane,,714.9,,,0.47,,,,,44.56,40.8,,7.5,6.8,,,,,,,,,Data required from Paul
Hellier et al. - 2013 - The importance of double bond position and cisâ€“trans isomerisation in diesel combustion and emissions,trans-2-octene,P,C\C=C\CCCCC,,pure hydrocarbon compounds,N,synthetic (laboratory chemical),alkene,,718.42,,,0.48,,,,,44.45,,,7.5,8.7,,,,,,,,,Data not found on paper
Hellier et al. - 2013 - The importance of double bond position and cisâ€“trans isomerisation in diesel combustion and emissions,cis-3-octene,P,CC\C=C/CCCC,,pure hydrocarbon compounds,N,synthetic (laboratory chemical),alkene,,718.88,,,0.52,,,,,44.49,38.09,,7.5,7.6,,,,,,,,,Row colour based on research paper
Hellier et al. - 2013 - The importance of double bond position and cisâ€“trans isomerisation in diesel combustion and emissions,trans-3-octene,P,CC\C=C\CCCC,,pure hydrocarbon compounds,N,synthetic (laboratory chemical),alkene,,716.3,,,0.51,,,,,44.46,33.98,,7.5,8.4,,,,,,,,,
Hellier et al. - 2019 - Combustion and emissions characteristics of date pit methyl ester in a single cylinder direct injection diesel engine,Reference fossil diesel,M,multiple,,fossil fuel,N,,complex hydrocarbon mixture,834.5,,,,,,,,2.672,43.14,51.7,,5,4.6,,,,,,,,,
Hellier et al. - 2019 - Combustion and emissions characteristics of date pit methyl ester in a single cylinder direct injection diesel engine,Oman fossil diesel,M,multiple,,fossil fuel,N,,complex hydrocarbon mixture,835.7,,,,,,,,4.1,,,,5,4.4,,,,,,,,,
Hellier et al. - 2019 - Combustion and emissions characteristics of date pit methyl ester in a single cylinder direct injection diesel engine,Date pit methyl ester,M,multiple,"C8:0: 1.5, C10:0: 1.5, C12:0: 20.1, C14:0 : 10.4, C16:0 :13.6, C18:0 : 2.8, C18:1 : 32.7, C18:2 : 7.5, C18:3 : 1.3",waste-derived biodiesel,Y,Soxhlet extraction of lipids from dried and ground date pits,fatty acid methyl ester,870,,,,,,,,3.97,41.27,58.23,,5,4,,,,,,,,,
Hellier et al. - 2019 - Combustion and emissions characteristics of date pit methyl ester in a single cylinder direct injection diesel engine,Rapeseed methyl ester,M,multiple,"C16:0 :7.6, C16:1 : 0.6, C18:0 : 2.3, C18:1 : 51.7, C18:2 : 19.7, C18:3 : 9.1",waste-derived biodiesel,Y,rapeseed,fatty acid methyl ester,883.1,,,,,,,,4.325,,52,,5,4,,,,,,,,,
Hellier et al. - 2019 - Combustion and emissions characteristics of date pit methyl ester in a single cylinder direct injection diesel engine,Soybean methyl ester,M,multiple,"C16:0 :13.6, C18:0 : 6, C18:1 : 21.5, C18:2 : 41.7, C18:3 : 10.9",waste-derived biodiesel,Y,soybean,fatty acid methyl ester,884.9,,,,,,,,4.075,,52,,5,4,,,,,,,,,
Hellier et al. - 2019 - Combustion and emissions characteristics of date pit methyl ester in a single cylinder direct injection diesel engine,Soybean methyl ester in reference fossil diesel 10,M,multiple,"Soybean methyl ester : 10 , Reference fossil diesel: 90",FAME blend,Y,,,,,,,,,,,,,,,5,4.4,,,,,,,,,
Hellier et al. - 2019 - Combustion and emissions characteristics of date pit methyl ester in a single cylinder direct injection diesel engine,Rapeseed methyl ester in reference fossil diesel 9.9,M,multiple,"Rapeseed methyl ester : 9.9, Reference fossil diesel : 90.1",FAME blend,Y,,,,,,,,,,,,,,,5,4.4,,,,,,,,,
Hellier et al. - 2019 - Combustion and emissions characteristics of date pit methyl ester in a single cylinder direct injection diesel engine,Date pit methyl ester in reference fossil diesel 19.8,M,multiple,"Date pit methyl ester : 19.8, Reference fossil diesel : 80.2",FAME blend,Y,,,,,,,,,,,,,,,5,4.4,,,,,,,,,
Hellier et al. - 2019 - Combustion and emissions characteristics of date pit methyl ester in a single cylinder direct injection diesel engine,Soybean methyl ester in reference fossil diesel 19.9,M,multiple,"Soybean methyl ester : 19.9, Reference fossil diesel : 80.1",FAME blend,Y,,,,,,,,,,,,,,,5,4.4,,,,,,,,,
Hellier et al. - 2019 - Combustion and emissions characteristics of date pit methyl ester in a single cylinder direct injection diesel engine,Rapeseed methyl ester in reference fossil diesel 19.9,M,multiple,"Rapeseed methyl ester : 19.9, Reference fossil diesel : 80.1",FAME blend,Y,,,,,,,,,,,,,,,5,4.2,,,,,,,,,
Hellier et al. - 2013 - Influence of Carbonate Ester Molecular Structure on Compression Ignition Combustion and Emissions,reference fossil diesel,M,multiple,,fossil fuel,N,,complex hydrocarbon mixture,,834.5,,,,,,,,43.14,,,7.5,5.1,,,,,,,,,
Hellier et al. - 2013 - Influence of Carbonate Ester Molecular Structure on Compression Ignition Combustion and Emissions,dimethyl carbonate,P,C(OC)(OC)=O,,oxygenated synthetic fuel,N,synthetic (laboratory chemical),carbonate ester,,1063,,,0.579,,,,,14.51,,,7.5,8.8,,,,,,,,,
Hellier et al. - 2013 - Influence of Carbonate Ester Molecular Structure on Compression Ignition Combustion and Emissions,diethyl carbonate,P,C(OCC)(OCC)=O,,oxygenated synthetic fuel,N,synthetic (laboratory chemical),carbonate ester,,969,,,0.749,,,,,22.17,,,7.5,10,,,,,,,,,
Hellier et al. - 2013 - Influence of Carbonate Ester Molecular Structure on Compression Ignition Combustion and Emissions,di-n-butyl carbonate,P,C(OCCCC)(OCCCC)=O,,oxygenated synthetic fuel,N,synthetic (laboratory chemical),carbonate ester,,923.9,,,1.763,,,,,,,,7.5,7.4,,,,,,,,,
Hellier et al. - 2013 - Influence of Carbonate Ester Molecular Structure on Compression Ignition Combustion and Emissions,di-1-methyl-propyl carbonate,P,O=C(OC(C)CC)OC(C)CC ,,oxygenated synthetic fuel,N,synthetic (laboratory chemical),carbonate ester,,921,,,,,,,,,,,7.5,8.6,,,,,,,,,
Hellier et al. - 2013 - Influence of Carbonate Ester Molecular Structure on Compression Ignition Combustion and Emissions,di-2-methyl-propyl carbonate,P,CC(C)COC(=O)OCC(C)C,,oxygenated synthetic fuel,N,synthetic (laboratory chemical),carbonate ester,,906.8,,,1.832,,,,,,,,7.5,8.7,,,,,,,,,
Hellier et al. - 2013 - Influence of Carbonate Ester Molecular Structure on Compression Ignition Combustion and Emissions,ditert-butyl carbonate,P,C(OC(C)(C)C)(OC(C)(C)C)=O,,oxygenated synthetic fuel,N,synthetic (laboratory chemical),carbonate ester,,,,,,,,,,,,,7.5,9.1,,,,,,,,,
Hellier et al. - 2013 - Influence of Carbonate Ester Molecular Structure on Compression Ignition Combustion and Emissions,Butyl valerate,P,C(CCCC)(=O)OCCCC,,oxygenated synthetic fuel,N,synthetic (laboratory chemical),fatty acid ester,,871.1,,,1.348,,,,,,,,7.5,6.9,,,,,,,,,
Hellier et al. - 2013 - Influence of Carbonate Ester Molecular Structure on Compression Ignition Combustion and Emissions,5-nonanone,P,CCCCC(CCCC)=O,,oxygenated synthetic fuel,N,synthetic (laboratory chemical),ketone,,821,,,,,,,,37.61,,,7.5,6.1,,,,,,,,,
The Influence of Fatty Acid Ester Alcohol Moiety Molecular Structure on Diesel Combustion and Emissions,methyl oleate,P,C(CCCCCCC\C=C/CCCCCCCC)(=O)OC,,fatty acid ester,Y,,,,,,845.1,,,2.638,,,37.42,62.3,,7.5,3.7,,,,,,,,,
The Influence of Fatty Acid Ester Alcohol Moiety Molecular Structure on Diesel Combustion and Emissions,methyl stearate,P,C(CCCCCCCCCCCCCCCCC)(=O)OC,,fatty acid ester,Y,,,,,,835.3,,,3.2252,,,37.64,88.9,,7.5,6.1,,,,,,,,,
The Influence of Fatty Acid Ester Alcohol Moiety Molecular Structure on Diesel Combustion and Emissions,ethyl stearate,P,C(CCCCCCCCCCCCCCCCC)(=O)OCC,,fatty acid ester,Y,,,,,,830.3,,,3.3073,,,37.79,86.83,,7.5,4.4,,,,,,,,,
The Influence of Fatty Acid Ester Alcohol Moiety Molecular Structure on Diesel Combustion and Emissions,n-propyl stearate,P,C(CCCCCCCCCCCCCCCCC)(=O)OCCC,,fatty acid ester,Y,,,,,,829.6,,,4.406,,,37.72,80.4,,7.5,4.3,,,,,,,,,
The Influence of Fatty Acid Ester Alcohol Moiety Molecular Structure on Diesel Combustion and Emissions,n-butyl stearate,P,C(CCCCCCCCCCCCCCCCC)(=O)OCCCC,,fatty acid ester,Y,,,,,,,,,,,,38.4,86.3,,7.5,4.5,,,,,,,,,
The Influence of Fatty Acid Ester Alcohol Moiety Molecular Structure on Diesel Combustion and Emissions,iso-propyl stearate,P,C(CCCCCCCCCCCCCCCCC)(=O)OC(C)C,,fatty acid ester,Y,,,,,,824.4,,,4.355,,,37.96,96.5,,7.5,4.5,,,,,,,,,
The Influence of Fatty Acid Ester Alcohol Moiety Molecular Structure on Diesel Combustion and Emissions,iso-butyl stearate,P,C(CCCCCCCCCCCCCCCCC)(=O)OCC(C)C,,fatty acid ester,Y,,,,,,,,,,,,38.06,99.3,,7.5,4.5,,,,,,,,,
The Influence of Fatty Acid Ester Alcohol Moiety Molecular Structure on Diesel Combustion and Emissions,tert-butyl stearate,P,C(CCCCCCCCCCCCCCCCC)(=O)OC(C)(C)C,,fatty acid ester,Y,,,,,,,,,,,,38.1,,,7.5,4.5,,,,,,,,,
The Influence of Fatty Acid Ester Alcohol Moiety Molecular Structure on Diesel Combustion and Emissions,n-octadecane,P,CCCCCCCCCCCCCCCCCC,,n-alkane,N,,,,,,755.8,,,2.062,,,43.9,106.3,,7.5,4.9,,0.21,,,,,,,
The Influence of Fatty Acid Ester Alcohol Moiety Molecular Structure on Diesel Combustion and Emissions,reference fossil diesel,,,,diesel,N,,,,,,834.5,,,,,,43.14,51.7,,7.5,4.7,,0.2,,,,,,,
Combustion and emissions characterization of terpenes with a view to their biological production in cyanobacteria, geraniol,P,CC(C)=CCC\C(\C)=C\CO,,terpene,Y,,,,880.1,,,8.28,,2.85,,,,,,7.5,9.5,,,,,,,,,
Combustion and emissions characterization of terpenes with a view to their biological production in cyanobacteria,nerol,P,OC\C=C(/CCC=C(C)C)\C,,terpene,Y,,,,876,,,7.19,,2.52,,,,,,7.5,8.1,,,,,,,,,
Combustion and emissions characterization of terpenes with a view to their biological production in cyanobacteria,citronellol,P,CC(C)=CCCC(C)CCO,,terpene,Y,,,,855.1,,,11.5,,3.3,,,,,,7.5,8.5,,,,,,,,,
Combustion and emissions characterization of terpenes with a view to their biological production in cyanobacteria,"3,7-dimethyl-1-octanol",P,CC(CCO)CCCC(C)C,,terpene,Y,,,,830.8,,,15.33,,3.82,,,,,,7.5,7.9,,,,,,,,,
Combustion and emissions characterization of terpenes with a view to their biological production in cyanobacteria,linalool,P,C=CC(O)(C)CCC=C(C)C,,terpene,Y,,,,867.2,,,4.47,,1.84,,,,,,7.5,DNC,,DNC,,,,,,,
Combustion and emissions characterization of terpenes with a view to their biological production in cyanobacteria,geranyl acetate,P,C(C)(=O)OC\C=C(/C)\CCC=C(C)C,,terpene,Y,,,,915,,,3.03,,1.63,,,,,,7.5,8.4,,,,,,,,,
Combustion and emissions characterization of terpenes with a view to their biological production in cyanobacteria,geranial (citral-A),P,CC(=CCC/C(=C/C=O)/C)C,,terpene,Y,,,,886.8,,,2.65,,1.48,,,,,,7.5,5.5,,,,,,,,,
Combustion and emissions characterization of terpenes with a view to their biological production in cyanobacteria,citraldimethylacetal,P,CC(=CCCC(=CC(OC)OC)C)C,,terpene,Y,,,,,,,2.41,,1.37,,,,,,7.5,7.9,,,,,,,,,
Combustion and emissions characterization of terpenes with a view to their biological production in cyanobacteria,(-)-b-Citronellene,P,CC(CCC=C(C)C)C=C,,terpene,Y,,,,760.1,,,1,,0.84,,,,,,7.5,DNC,,DNC,,,,,,,
Combustion and emissions characterization of terpenes with a view to their biological production in cyanobacteria,L-menthol,P,C[C@@H]1CC[C@H]([C@@H](C1)O)C(C)C,,terpene,Y,,,,913.1,,,,,6.17,,,,,,7.5,DNC,,DNC,,,,,,,
Combustion and emissions characterization of terpenes with a view to their biological production in cyanobacteria,farnesene (mixtureof isomers),P,CC(=CCC/C(=C/C/C=C(\C)/C=C)/C)C,,terpene,Y,,,,841,,,3.29,,1.7,,,,,,7.5,6.5,,,,,,,,,
Combustion and emissions characterization of terpenes with a view to their biological production in cyanobacteria,squalene,P,CC(C)=CCC\C(\C)=C\CC\C(\C)=C\CC\C=C(/C)\CC\C=C(/C)\CCC=C(C)C,,terpene,Y,,,,857.7,,,15.5,,5.49,,,,,,7.5,6.7,,,,,,,,,
Combustion and emissions characterization of terpenes with a view to their biological production in cyanobacteria,reference fossil diesel,M,multiple,,diesel,N,,,,834.5,,,3.42,,1.75,,,,,,7.5,7.5,,,,,,,,,
Combustion and emissions characterization of terpenes with a view to their biological production in cyanobacteria,5.0% farnesene,M,multiple,"farnesene:5, Reference fossil diesel:95",terpene and reference diesel blend,Y,,,,,,,,,,,,,,,7.5,8.1,,,,,,,,,
Combustion and emissions characterization of terpenes with a view to their biological production in cyanobacteria,10.1% farnesene,M,multiple,"farnesene:10.1, Reference fossil diesel:89.9",terpene and reference diesel blend,Y,,,,,,,,,,,,,,,7.5,8.5,,,,,,,,,
Combustion and emissions characterization of terpenes with a view to their biological production in cyanobacteria,20.3% farnesene,M,multiple,"farnesene:20.3, Reference fossil diesel:79.7",terpene and reference diesel blend,Y,,,,,,,,,,,,,,,7.5,8.9,,,,,,,,,
Combustion and emissions characterization of terpenes with a view to their biological production in cyanobacteria,40.0% farnesene,M,multiple,"farnesene:40, Reference fossil diesel:60",terpene and reference diesel blend,Y,,,,,,,,,,,,,,,7.5,10.1,,,,,,,,,
Combustion and emissions characterization of terpenes with a view to their biological production in cyanobacteria,41.2% farnesene,M,multiple,"farnesene:41.2, Reference fossil diesel:58.8",terpene and reference diesel blend,Y,,,,,,,,,,,,,,,7.5,11.1,,,,,,,,,
Combustion and emissions characterization of terpenes with a view to their biological production in cyanobacteria,59.9% farnesene,M,multiple,"farnesene:59.9, Reference fossil diesel:40.1",terpene and reference diesel blend,Y,,,,,,,,,,,,,,,7.5,DNC,,DNC,,,,,,,
Combustion and emissions characterization of terpenes with a view to their biological production in cyanobacteria,7.8% geranial,M,multiple,"geranial:7.8, Reference fossil diesel:92.2",terpene and reference diesel blend,Y,,,,,,,,,,,,,,,7.5,7.5,,,,,,,,,
Combustion and emissions characterization of terpenes with a view to their biological production in cyanobacteria,10.0% geranial,M,multiple,"geranial:10, Reference fossil diesel:90",terpene and reference diesel blend,Y,,,,,,,,,,,,,,,7.5,7.5,,,,,,,,,
Combustion and emissions characterization of terpenes with a view to their biological production in cyanobacteria,20.3% geranial,M,multiple,"geranial:20.3, Reference fossil diesel:79.7",terpene and reference diesel blend,Y,,,,,,,,,,,,,,,7.5,7.9,,,,,,,,,
Combustion and emissions characterization of terpenes with a view to their biological production in cyanobacteria,40.0% geranial,M,multiple,"geranial:40, Reference fossil diesel:60",terpene and reference diesel blend,Y,,,,,,,,,,,,,,,7.5,8.9,,,,,,,,,
Combustion and emissions characterization of terpenes with a view to their biological production in cyanobacteria,50.0% geranial,M,multiple,"geranial:50, Reference fossil diesel:50",terpene and reference diesel blend,Y,,,,,,,,,,,,,,,7.5,9.9,,,,,,,,,
Combustion and emissions characterization of terpenes with a view to their biological production in cyanobacteria,60.0% geranial,M,multiple,"geranial:60, Reference fossil diesel:40",terpene and reference diesel blend,Y,,,,,,,,,,,,,,,7.5,10.1,,,,,,,,,
Combustion and emissions characteristics of toluene/n-heptane and 1-octene/n-octane binary mixtures in a direct injection compression ignition engine,n-heptane,P,CCCCCCC,,alkane,N,,,,684.06,,,0.41,,,,,44.5,54.4,,7.5,7.1,,,,,,,,,
Combustion and emissions characteristics of toluene/n-heptane and 1-octene/n-octane binary mixtures in a direct injection compression ignition engine,5.0% toluene/95.0% n-heptane,M,multiple,"toluene:5, n-heptane:95",toluene and n-heptane blend,N,,,,,,,,,,,,,,,7.5,7.3,,,,,,,,,
Combustion and emissions characteristics of toluene/n-heptane and 1-octene/n-octane binary mixtures in a direct injection compression ignition engine,10.1% toluene/89.9% n-heptane,M,multiple,"toluene10.1, n-heptane:89.9",toluene and n-heptane blend,N,,,,,,,,,,,,,,,7.5,7.5,,,,,,,,,
Combustion and emissions characteristics of toluene/n-heptane and 1-octene/n-octane binary mixtures in a direct injection compression ignition engine,25.0% toluene/75.0% n-heptane,M,multiple,"toluene:25, n-heptane:75",toluene and n-heptane blend,N,,,,,,,,,,,,,,,7.5,8.1,,,,,,,,,
Combustion and emissions characteristics of toluene/n-heptane and 1-octene/n-octane binary mixtures in a direct injection compression ignition engine,35.0.0% toluene/65.0% n-heptane,M,multiple,"toluene:35, n-heptane:65",toluene and n-heptane blend,N,,,,,,,,,,,,,,,7.5,8.7,,,,,,,,,
Combustion and emissions characteristics of toluene/n-heptane and 1-octene/n-octane binary mixtures in a direct injection compression ignition engine,35.1% toluene/64.9% n-heptane,M,multiple,"toluene:35.1, n-heptane:64.9",toluene and n-heptane blend,N,,,,,,,,,,,,,,,7.5,8.9,,,,,,,,,
Combustion and emissions characteristics of toluene/n-heptane and 1-octene/n-octane binary mixtures in a direct injection compression ignition engine,40.0% toluene/60.0% n-heptane,M,multiple,"toluene:40, n-heptane:60",toluene and n-heptane blend,N,,,,,,,,,,,,,,,7.5,9.3,,,,,,,,,
Combustion and emissions characteristics of toluene/n-heptane and 1-octene/n-octane binary mixtures in a direct injection compression ignition engine,46.3% toluene/53.7% n-heptane,M,multiple,"toluene:46.3, n-heptane:53.7",toluene and n-heptane blend,N,,,,,,,,,,,,,,,7.5,9.9,,,,,,,,,
Combustion and emissions characteristics of toluene/n-heptane and 1-octene/n-octane binary mixtures in a direct injection compression ignition engine,50.0% toluene/50.0% n-heptane,M,multiple,"toluene:50, n-heptane:50",toluene and n-heptane blend,N,,,,,,,,,,,,,,,7.5,10.7,,,,,,,,,
Combustion and emissions characteristics of toluene/n-heptane and 1-octene/n-octane binary mixtures in a direct injection compression ignition engine,52.2% toluene/47.8% n-heptane,M,multiple,"toluene:52.2, n-heptane:47.8",toluene and n-heptane blend,N,,,,,,,,,,,,,,,7.5,DNC,,DNC,,,,,,,
Combustion and emissions characteristics of toluene/n-heptane and 1-octene/n-octane binary mixtures in a direct injection compression ignition engine,n-heptane,P,CCCCCCC,,alkane,N,,,,684.06,,,0.41,,,,,44.5,54.4,,7.5,6.3,,,,,,,,,
Combustion and emissions characteristics of toluene/n-heptane and 1-octene/n-octane binary mixtures in a direct injection compression ignition engine,10.0% toluene/90.0% n-heptane,M,multiple,"toluene:10, n-heptane:90",toluene and n-heptane blend,N,,,,,,,,,,,,,,,7.5,6.3,,,,,,,,,
Combustion and emissions characteristics of toluene/n-heptane and 1-octene/n-octane binary mixtures in a direct injection compression ignition engine,19.8% toluene/80.2% n-heptane,M,multiple,"toluene:19.8, n-heptane:80.2",toluene and n-heptane blend,N,,,,,,,,,,,,,,,7.5,6.1,,,,,,,,,
Combustion and emissions characteristics of toluene/n-heptane and 1-octene/n-octane binary mixtures in a direct injection compression ignition engine,30.9% toluene/69.1% n-heptane,M,multiple,"toluene:30.9, n-heptane:69.1",toluene and n-heptane blend,N,,,,,,,,,,,,,,,7.5,6.1,,,,,,,,,
Combustion and emissions characteristics of toluene/n-heptane and 1-octene/n-octane binary mixtures in a direct injection compression ignition engine,40.0% toluene/60.0% n-heptane,M,multiple,"toluene:40, n-heptane:60",toluene and n-heptane blend,N,,,,,,,,,,,,,,,7.5,6.3,,,,,,,,,
Combustion and emissions characteristics of toluene/n-heptane and 1-octene/n-octane binary mixtures in a direct injection compression ignition engine,reference fossil diesel,M,multiple,,diesel,N,,,,834.5,,,,,,,,43.14,51.7,,7.5,7.1,,,,,,,,,
Combustion and emissions characteristics of toluene/n-heptane and 1-octene/n-octane binary mixtures in a direct injection compression ignition engine,n-octane,P,CCCCCCCC,,alkane,N,,,,702.8,,,0.546,,,,,44.79,64.1,,7.5,6.5,,,,,,,,,
Combustion and emissions characteristics of toluene/n-heptane and 1-octene/n-octane binary mixtures in a direct injection compression ignition engine,10.0% 1-octene/90.0% n-octane,M,multiple,"1-octene:10, n-octane:90",1-octene and n-octane blend,N,,,,,,,,,,,,,,,7.5,6.5,,,,,,,,,
Combustion and emissions characteristics of toluene/n-heptane and 1-octene/n-octane binary mixtures in a direct injection compression ignition engine,25.0% 1-octene/75.0% n-octane,M,multiple,"1-octene:25, n-octane:75",1-octene and n-octane blend,N,,,,,,,,,,,,,,,7.5,6.9,,,,,,,,,
Combustion and emissions characteristics of toluene/n-heptane and 1-octene/n-octane binary mixtures in a direct injection compression ignition engine,50.0% 1-octene/50.0% n-octane,M,multiple,"1-octene:50, n-octane:50",1-octene and n-octane blend,N,,,,,,,,,,,,,,,7.5,7.3,,,,,,,,,
Combustion and emissions characteristics of toluene/n-heptane and 1-octene/n-octane binary mixtures in a direct injection compression ignition engine,63.1% 1-octene/36.9% n-octane,M,multiple,"1-octene:63.1, n-octane:36.9",1-octene and n-octane blend,N,,,,,,,,,,,,,,,7.5,7.3,,,,,,,,,
Combustion and emissions characteristics of toluene/n-heptane and 1-octene/n-octane binary mixtures in a direct injection compression ignition engine,75.0% 1-octene/25.0% n-octane,M,multiple,"1-octene:75, n-octane:25",1-octene and n-octane blend,N,,,,,,,,,,,,,,,7.5,7.5,,,,,,,,,
Combustion and emissions characteristics of toluene/n-heptane and 1-octene/n-octane binary mixtures in a direct injection compression ignition engine,87.5% 1-octene/12.5% n-octane,M,multiple,"1-octene:87.5, n-octane:12.5",1-octene and n-octane blend,N,,,,,,,,,,,,,,,7.5,7.7,,,,,,,,,
Combustion and emissions characteristics of toluene/n-heptane and 1-octene/n-octane binary mixtures in a direct injection compression ignition engine,95.5% 1-octene/4.5% n-octane,M,multiple,"1-octene:95.5, n-octane:4.5",1-octene and n-octane blend,N,,,,,,,,,,,,,,,7.5,7.9,,,,,,,,,
Combustion and emissions characteristics of toluene/n-heptane and 1-octene/n-octane binary mixtures in a direct injection compression ignition engine, 1-octene,P,CCCCCCC=C,,alkene,N,,,,714.9,,,0.47,,,,,44.56,40.8,,7.5,8.1,,,,,,,,,
Combustion and emissions characteristics of toluene/n-heptane and 1-octene/n-octane binary mixtures in a direct injection compression ignition engine,n-octane,P,CCCCCCCC,,alkane,N,,,,702.8,,,0.546,,,,,44.79,64.1,,7.5,5.9,,,,,,,,,
Combustion and emissions characteristics of toluene/n-heptane and 1-octene/n-octane binary mixtures in a direct injection compression ignition engine,50.0% 1-octene/50.0% n-octane,M,multiple,"1-octene:50, n-octane:50",1-octene and n-octane blend,N,,,,,,,,,,,,,,,7.5,5.7,,,,,,,,,
Combustion and emissions characteristics of toluene/n-heptane and 1-octene/n-octane binary mixtures in a direct injection compression ignition engine, 1-octene,P,CCCCCCC=C,,alkene,N,,,,714.9,,,0.47,,,,,44.56,40.8,,7.5,6.1,,,,,,,,,
"Research Paper: Transesterification of high-acidity spent coffee ground oil and subsequent
 combustion and emissions characteristics in a compression-ignition engine",Reference Diesel,,multiple,,,N,,,0.835,,,,,,,,2.892,,,,,4.9,,0.37,,,,,,,
"Research Paper: Transesterification of high-acidity spent coffee ground oil and subsequent
 combustion and emissions characteristics in a compression-ignition engine",SCG Oil,P,multiple,,,Y,,,,,,,,,,,,,,,,5.2,,0.79,,,,,,,
"Research Paper: Transesterification of high-acidity spent coffee ground oil and subsequent
 combustion and emissions characteristics in a compression-ignition engine",SCG Biodiesel,P,multiple,"C16:0: 34.19, C18:0: 7.92, C18:1: 9.29, C18:2: 43.6, C18:3n6: 2.81, C18:3n3: 1.13",,Y,,,0.893,,,,,,,,6.26,,,,,,,,,,,,,,
"Research Paper: Transesterification of high-acidity spent coffee ground oil and subsequent
 combustion and emissions characteristics in a compression-ignition engine",SCG B5,M,multiple,,,Y,,,0.85,,,,,,,,2.4,,,,,,,,,,,,,,
"Research Paper: Transesterification of high-acidity spent coffee ground oil and subsequent
 combustion and emissions characteristics in a compression-ignition engine",SCG B7,M,multiple,,,Y,,,,,,,,,,,,,,,,5,,0.41,,,,,,,
"Research Paper: Transesterification of high-acidity spent coffee ground oil and subsequent
 combustion and emissions characteristics in a compression-ignition engine",SCG B20,M,multiple,,,Y,,,0.856,,,,,,,,2.75,,,,,4.4,,0.36,,,,,,,
"Research Paper: Transesterification of high-acidity spent coffee ground oil and subsequent
 combustion and emissions characteristics in a compression-ignition engine",SCG B100,M,multiple,,,Y,,,0.892,,,,,,,,5.19,,,,,4.2,,0.48,,,,,,,
"Research Paper: Transesterification of high-acidity spent coffee ground oil and subsequent
 combustion and emissions characteristics in a compression-ignition engine",Rapeseed Biodiesel,P,multiple,"C16:0: 4.80, C18:0: 1.78, C18:1: 61.24, C18:2: 21.52, C18:3n3: 7.82, C20:1: 1.25",,Y,,,0.883,,,,,,,,4.325,,,,,3.6,,0.22,,,,,,,
"Research Paper: Transesterification of high-acidity spent coffee ground oil and subsequent
 combustion and emissions characteristics in a compression-ignition engine",Rapeseed B7,M,multiple,"rapeseed biodiesel: 7, diesel: 93",,Y,,,,,,,,,,,,,,,,4.4,,0.43,,,,,,,
"Research Paper: Transesterification of high-acidity spent coffee ground oil and subsequent
 combustion and emissions characteristics in a compression-ignition engine",Rapeseed B20,M,multiple,"rapeseed biodiesel: 20, diesel: 80",,Y,,,,,,,,,,,,,,,,4.2,,0.42,,,,,,,
"Research Paper: Transesterification of high-acidity spent coffee ground oil and subsequent
 combustion and emissions characteristics in a compression-ignition engine",Soya Biodiesel,P,multiple,"C16:0: 10.32, C18:0: 4.36, C18:1:  26.80, C18:2: 50.69, C18:3n3: 6.75 ",,Y,,,0.885,,,,,,,,4.075,,,,,4.2,,0.32,,,,,,,
"Research Paper: Transesterification of high-acidity spent coffee ground oil and subsequent
 combustion and emissions characteristics in a compression-ignition engine",Soya B7,M,multiple,"soya biodiesel: 7, diesel: 93",,Y,,,,,,,,,,,,,,,,4.6,,0.37,,,,,,,
"Research Paper: Transesterification of high-acidity spent coffee ground oil and subsequent
 combustion and emissions characteristics in a compression-ignition engine",Soya B20,M,multiple,"soya biodiesel: 20, diesel: 80",,Y,,,,,,,,,,,,,,,,4.4,,0.35,,,,,,,
"Research Paper: The Impact of Saturated and Unsaturated Fuel Molecules 
on Diesel Combustion and Exhaust Emissions ",Reference fossil diesel,,,,,N,,,,834.5,,,,,,2.672,,,51.7,,7.5,7.4,,,,,,,,,
"Research Paper: The Impact of Saturated and Unsaturated Fuel Molecules 
on Diesel Combustion and Exhaust Emissions ",n-heptane,P,CCCCCCC,,,N,,,,683.8,,,,,,,,,54.4,,7.5,7.4,,0.57,,,,,,,
"Research Paper: The Impact of Saturated and Unsaturated Fuel Molecules 
on Diesel Combustion and Exhaust Emissions ",n-octane,P,CCCCCCCC,,,N,,,,702.8,,,,,,,,,64.1,,7.5,7,,0.61,,,,,,,
"Research Paper: The Impact of Saturated and Unsaturated Fuel Molecules 
on Diesel Combustion and Exhaust Emissions ",n-decane,P,CCCCCCCCCC,,,N,,,,730.1,,,,,,1.27,,,76.7,,7.5,6.3,,,,,,,,,
"Research Paper: The Impact of Saturated and Unsaturated Fuel Molecules 
on Diesel Combustion and Exhaust Emissions ",n-undecane,P,CCCCCCCCCCC,,,N,,,,740.1999999999999,,,,,,1.602,,,81.1,,7.5,5.8,,0.69,,,,,,,
"Research Paper: The Impact of Saturated and Unsaturated Fuel Molecules 
on Diesel Combustion and Exhaust Emissions ",n-dodecane,P,CCCCCCCCCCCC,,,N,,,,749,,,,,,1.979,,,82.5,,7.5,5.6,,1.29,,,,,,,
"Research Paper: The Impact of Saturated and Unsaturated Fuel Molecules 
on Diesel Combustion and Exhaust Emissions ",n-tetradecane,P,CCCCCCCCCCCCCC,,,N,,,,762.7,,,,,,3.05,,,95,,7.5,5.1,,1.26,,,,,,,
"Research Paper: The Impact of Saturated and Unsaturated Fuel Molecules 
on Diesel Combustion and Exhaust Emissions ",n-pentadecane,P,CCCCCCCCCCCCCCC,,,N,,,,768.4,,,,,,3.8,,,96,,7.5,4.8,,1.25,,,,,,,
"Research Paper: The Impact of Saturated and Unsaturated Fuel Molecules 
on Diesel Combustion and Exhaust Emissions ",n-hexadecane,P,CCCCCCCCCCCCCCCC,,,N,,,,773.3,,,,,,,,,96,,7.5,4.9,,1.29,,,,,,,
"Research Paper: The Impact of Saturated and Unsaturated Fuel Molecules 
on Diesel Combustion and Exhaust Emissions ",n-octadecane,P,CCCCCCCCCCCCCCCCCC,,,N,,,,776.6999999999999,,,,,,,,,106.3,,7.5,4.4,,1.2,,,,,,,
"Research Paper: The Impact of Saturated and Unsaturated Fuel Molecules 
on Diesel Combustion and Exhaust Emissions ",n-eicosane,P,CCCCCCCCCCCCCCCCCCCC,,,N,,,,782.3,,,,,,,,,110,,7.5,4.3,,1.43,,,,,,,
"Research Paper: The Impact of Saturated and Unsaturated Fuel Molecules 
on Diesel Combustion and Exhaust Emissions ",n-docosane,P,CCCCCCCCCCCCCCCCCCCCCC,,,N,,,,778.2,,,,,,,,,,,7.5,4.3,,1.13,,,,,,,
"Research Paper: The Impact of Saturated and Unsaturated Fuel Molecules 
on Diesel Combustion and Exhaust Emissions ",1-octene,P,C=CCCCCCC,,,N,,,,714.9,,,,,,,,,70.8,,7.5,9,,1.83,,,,,,,
"Research Paper: The Impact of Saturated and Unsaturated Fuel Molecules 
on Diesel Combustion and Exhaust Emissions ","1, 7-octadiene",P,C=CCCCCC=C,,,N,,,,0,,,,,,,,,,,7.5,13,,0.48,,,,,,,
"Research Paper: The Impact of Saturated and Unsaturated Fuel Molecules 
on Diesel Combustion and Exhaust Emissions ",1-decene,P,C=CCCCCCCCC,,,N,,,,740.8000000000001,,,,,,1.06,,,56.5,,7.5,7.8,,,,,,,,,
"Research Paper: The Impact of Saturated and Unsaturated Fuel Molecules 
on Diesel Combustion and Exhaust Emissions ",1-dodecene,P,C=CCCCCCCCCCC,,,N,,,,758.4,,,,,,1.661,,,71.2,,7.5,7,,0.71,,,,,,,
"Research Paper: The Impact of Saturated and Unsaturated Fuel Molecules 
on Diesel Combustion and Exhaust Emissions ",1-tetradecene,P,C=CCCCCCCCCCCCC,,,N,,,,775,,,,,,2.503,,,80.3,,7.5,6,,0.98,,,,,,,
"Research Paper: The Impact of Saturated and Unsaturated Fuel Molecules 
on Diesel Combustion and Exhaust Emissions ",8-methyl-hexadecane,P,CC(CCCCCCC)CCCCCCCC,,,N,,,,0,,,,,,,,,,,7.5,5,,1.7,,,,,,,
"Research Paper: The Impact of Saturated and Unsaturated Fuel Molecules 
on Diesel Combustion and Exhaust Emissions ","2, 6, 10, 14-tetra-metyl-pentadecane",P,,,,N,,,,782.6999999999999,,,,,,,,,,,7.5,6,,0.92,,,,,,,
"Hellier, Ladommatos, Yusaf - 2015 - The influence of straight vegetable oil fatty acid compositionÂ ",Diesel,M,multiple,,Fossil,N,Fossil Diesel,,,834.5,,,3.41,,1.72,,,43.14,51.7,CVCA,7.5,7.2,,0.001121431,,,,,,,
"Hellier, Ladommatos, Yusaf - 2015 - The influence of straight vegetable oil fatty acid compositionÂ ",Algal,M,multiple,"C16:0 : 51, C18:0 : 2, C18:1 : 39, C18:2 : 7, other : 1",Vegetable Oil,Y,Algae,triglyceride,,912,,,79.87,,18.7,,,35.8,-,CVCA,7.5,6.9,,0.313649826,,,,,,,
"Hellier, Ladommatos, Yusaf - 2015 - The influence of straight vegetable oil fatty acid compositionÂ ",Corn,M,multiple,"C16:0, C16:1, C18:0, C18:1, C18:2, C18:4",Vegetable Oil,Y,Corn,triglyceride,,916.7,,,66.57,,16.7,,,39.5,37.6,CVCA,7.5,7.7,,0.43733502,,,,,,,
"Hellier, Ladommatos, Yusaf - 2015 - The influence of straight vegetable oil fatty acid compositionÂ ",Groundnut,M,multiple,"C16:0, C16:1, C18:0, C18:1, C18:2, C18:5",Vegetable Oil,Y,Groundnut,triglyceride,,902.6,,,86.7,,19.87,,,39.8,41.8,CVCA,7.5,7.1,,0.341633838,,,,,,,
"Hellier, Ladommatos, Yusaf - 2015 - The influence of straight vegetable oil fatty acid compositionÂ ",Palm,M,multiple,"C16:0, C16:1, C18:0, C18:1, C18:2, C18:6",Vegetable Oil,Y,Palm,triglyceride,,910,,,87.67,,19.4,,,36.54,42,CVCA,7.5,6.9,,0.265899876,,,,,,,
"Hellier, Ladommatos, Yusaf - 2015 - The influence of straight vegetable oil fatty acid compositionÂ ",Rapeseed,M,multiple,"C16:0, C16:1, C18:0, C18:1, C18:2, C18:7",Vegetable Oil,Y,Rapeseed ,triglyceride,,914.5,,,73.97,,18,,,39.7,37.6,CVCA,7.5,7.7,,0.495954223,,,,,,,
"Hellier, Ladommatos, Yusaf - 2015 - The influence of straight vegetable oil fatty acid compositionÂ ",Soybean,M,multiple,"C16:0, C16:1, C18:0, C18:1, C18:2, C18:8",Vegetable Oil,Y,Soybean,triglyceride,,918.5,,,71.9,,17.6,,,39.6,37.9,CVCA,7.5,7.7,,0.465083245,,,,,,,
"Hellier, Ladommatos, Yusaf - 2015 - The influence of straight vegetable oil fatty acid compositionÂ ",Sunflower,M,multiple,"C16:0, C16:1, C18:0, C18:1, C18:2, C18:9",Vegetable Oil,Y,Sunflower,triglyceride,,916.9,,,69.5,,17.2,,,39.6,37.1,CVCA,7.5,7.5,,0.475762717,,,,,,,
"Koivisto, Ladommatos, Gold - 2015 - Compression Ignition and Exhaust Gas Emissions of Fuel Molecules Which Can Be Produced from Lignocel",Heptane,P,CCCCCCC,,oxygenated biofuel,Y,lignocellulosic,Alkane,,682,,,0.39,,,,,45,,,7.5,5.3,,0.019634146,,,,,,,
"Koivisto, Ladommatos, Gold - 2015 - Compression Ignition and Exhaust Gas Emissions of Fuel Molecules Which Can Be Produced from Lignocel",Nonane,P,CCCCCCCCC,,oxygenated biofuel,Y,lignocellulosic,Alkane,,715,,,0.67,,,,,45,,,7.5,5.1,,0.022073171,,,,,,,
"Koivisto, Ladommatos, Gold - 2015 - Compression Ignition and Exhaust Gas Emissions of Fuel Molecules Which Can Be Produced from Lignocel",Decane,P,CCCCCCCCCC,,oxygenated biofuel,Y,lignocellulosic,Alkane,,730,,,0.86,,,,,44,,,7.5,4.7,,0.02237149,,,,,,,
"Koivisto, Ladommatos, Gold - 2015 - Compression Ignition and Exhaust Gas Emissions of Fuel Molecules Which Can Be Produced from Lignocel",Dipentyl ether,P,CCCCCOCCCCC,,oxygenated biofuel,Y,lignocellulosic,Ether,,785,,,1.61,,,,,39,,,7.5,4.5,,0.020590322,,,,,,,
"Koivisto, Ladommatos, Gold - 2015 - Compression Ignition and Exhaust Gas Emissions of Fuel Molecules Which Can Be Produced from Lignocel",3-heptanone,P,CCCCC(=O)CC,,oxygenated biofuel,Y,lignocellulosic,Ketone,,818,,,0.75,,,,,36,,,7.5,6.9,,0.010040326,,,,,,,
"Koivisto, Ladommatos, Gold - 2015 - Compression Ignition and Exhaust Gas Emissions of Fuel Molecules Which Can Be Produced from Lignocel",5-nonanone,P,CCCCC(=O)CCCC,,oxygenated biofuel,Y,lignocellulosic,Ketone,,826,,,,,,,,38,,,7.5,5.9,,0.017439024,,,,,,,
"Koivisto, Ladommatos, Gold - 2015 - Compression Ignition and Exhaust Gas Emissions of Fuel Molecules Which Can Be Produced from Lignocel",ethyl levulinate,P,CCOC(=O)CCC(=O)C,,oxygenated biofuel,Y,lignocellulosic,Levulinate,,1016,,,,,,,,24,,,7.5,8,,0.014972792,,,,,,,
"Koivisto, Ladommatos, Gold - 2015 - Compression Ignition and Exhaust Gas Emissions of Fuel Molecules Which Can Be Produced from Lignocel",butyl levulinate,P,CCCCOC(=O)CCC(=O)C,,oxygenated biofuel,Y,lignocellulosic,Levulinate,,974,,,,,,,,28,,,7.5,7.4,,0.010314352,,,,,,,
"Koivisto, Ladommatos, Gold - 2015 - Compression Ignition and Exhaust Gas Emissions of Fuel Molecules Which Can Be Produced from Lignocel",ethyl valerate,P,CCCCC(=O)OCC,,oxygenated biofuel,Y,lignocellulosic,Valerate,,875,,,8.47,,,,,31,,,7.5,7.8,,0.015109805,,,,,,,
"Koivisto, Ladommatos, Gold - 2015 - Compression Ignition and Exhaust Gas Emissions of Fuel Molecules Which Can Be Produced from Lignocel",butyl valerate,P,CCCCC(=O)OCCCC,,oxygenated biofuel,Y,lignocellulosic,Valerate,,868,,,,,,,,33,,,7.5,7.2,,0.014013701,,,,,,,
"Koivisto, Ladommatos, Gold - 2015 - Compression Ignition and Exhaust Gas Emissions of Fuel Molecules Which Can Be Produced from Lignocel",pentyl valerate,P,CCCCCOC(=O)CCCC,,oxygenated biofuel,Y,lignocellulosic,Valerate,,865,,,,,,,,34,,,7.5,6.6,,0.012917598,,,,,,,
"Koivisto, Ladommatos, Gold - 2015 - Systematic study of the effect of the hydroxyl functional group in alcohol molecules",Octane,P,CCCCCCCC,,,,,Alkane,,699,,,0.51,,,,,,,,7.5,,,,,,,,,,
"Koivisto, Ladommatos, Gold - 2015 - Systematic study of the effect of the hydroxyl functional group in alcohol molecules",Nonane,P,CCCCCCCCC,,,,,Alkane,,715,,,0.67,,,,,,,,7.5,,,,,,,,,,
"Koivisto, Ladommatos, Gold - 2015 - Systematic study of the effect of the hydroxyl functional group in alcohol molecules",Decane,P,CCCCCCCCCC,,,,,Alkane,,728,,,0.86,,,,,,,,7.5,,,,,,,,,,
"Koivisto, Ladommatos, Gold - 2015 - Systematic study of the effect of the hydroxyl functional group in alcohol molecules",Undecane,P,CCCCCCCCCCC,,,,,Alkane,,737,,,1.1,,,,,,,,7.5,,,,,,,,,,
"Koivisto, Ladommatos, Gold - 2015 - Systematic study of the effect of the hydroxyl functional group in alcohol molecules",Dodecane,P,CCCCCCCCCCCC,,,,,Alkane,,745,,,1.39,,,,,,,,7.5,,,,,,,,,,
"Koivisto, Ladommatos, Gold - 2015 - Systematic study of the effect of the hydroxyl functional group in alcohol molecules",Tetradecane,P,CCCCCCCCCCCCC,,,,,Alkane,,758,,,2.11,,,,,,,,7.5,,,,,,,,,,
"Koivisto, Ladommatos, Gold - 2015 - Systematic study of the effect of the hydroxyl functional group in alcohol molecules",Hexadecane,P,CCCCCCCCCCCCCCCC,,,,,Alkane,,770,,,3.06,,,,,,,,7.5,,,,,,,,,,
"Koivisto, Ladommatos, Gold - 2015 - Systematic study of the effect of the hydroxyl functional group in alcohol molecules",1-Octene,P,CCCCCCC=C,,,,,Alkene,,711,,,0.45,,,,,,,,7.5,,,,,,,,,,
"Koivisto, Ladommatos, Gold - 2015 - Systematic study of the effect of the hydroxyl functional group in alcohol molecules",1-Decene,P,CCCCCCCCC=C,,,,,Alkene,,737,,,0.76,,,,,,,,7.5,,,,,,,,,,
"Koivisto, Ladommatos, Gold - 2015 - Systematic study of the effect of the hydroxyl functional group in alcohol molecules",1-Octanol,P,CCCCCCCCO,,,,,Alcohol,,823,,,7.49,,,,,,,,7.5,,,,,,,,,,
"Koivisto, Ladommatos, Gold - 2015 - Systematic study of the effect of the hydroxyl functional group in alcohol molecules",2-Octanol,P,CCCCCCC(C)O,,,,,Alcohol,,817,,,7.41,,,,,,,,7.5,,,,,,,,,,
"Koivisto, Ladommatos, Gold - 2015 - Systematic study of the effect of the hydroxyl functional group in alcohol molecules",3-Octanol,P,CCCCCC(CC)O,,,,,Alcohol,,818,,,6.9,,,,,,,,7.5,,,,,,,,,,
"Koivisto, Ladommatos, Gold - 2015 - Systematic study of the effect of the hydroxyl functional group in alcohol molecules",1-Octen-3-ol,P,CCCCCC(C=C)O,,,,,Alcohol,,830,,,,,,,,,,,7.5,,,,,,,,,,
"Koivisto, Ladommatos, Gold - 2015 - Systematic study of the effect of the hydroxyl functional group in alcohol molecules",1-Nonanol,P,CCCCCCCCCO,,,,,Alcohol,,824,,,9.85,,,,,,,,7.5,,,,,,,,,,
"Koivisto, Ladommatos, Gold - 2015 - Systematic study of the effect of the hydroxyl functional group in alcohol molecules",2-Nonanol,P,CCCCCCCC(C)O,,,,,Alcohol,,820,,,9.44,,,,,,,,7.5,,,,,,,,,,
"Koivisto, Ladommatos, Gold - 2015 - Systematic study of the effect of the hydroxyl functional group in alcohol molecules",5-Nonanol,P,CCCCC(CCCC)O,,,,,Alcohol,,818,,,9.03,,,,,,,,7.5,,,,,,,,,,
"Koivisto, Ladommatos, Gold - 2015 - Systematic study of the effect of the hydroxyl functional group in alcohol molecules",1-Decanol,P,CCCCCCCCCCO,,,,,Alcohol,,825,,,11.17,,,,,,,,7.5,,,,,,,,,,
"Koivisto, Ladommatos, Gold - 2015 - Systematic study of the effect of the hydroxyl functional group in alcohol molecules",1-Decen-3-ol,P,CCCCCCCC(C=C)O,,,,,Alcohol,,837,,,,,,,,,,,7.5,,,,,,,,,,
"Koivisto, Ladommatos, Gold - 2015 - Systematic study of the effect of the hydroxyl functional group in alcohol molecules",1-Undecanol,P,CCCCCCCCCCCO,,,,,Alcohol,,831,,,14.73,,,,,,,,7.5,,,,,,,,,,
"Koivisto, Ladommatos, Gold - 2015 - Systematic study of the effect of the hydroxyl functional group in alcohol molecules",2-Undecanol,P,CCCCCCCCCC(C)O,,,,,Alcohol,,823,,,15.36,,,,,,,,7.5,,,,,,,,,,
"Koivisto, Ladommatos, Gold - 2015 - Systematic study of the effect of the hydroxyl functional group in alcohol molecules",10-Undecen-1-ol,P,C=CCCCCCCCCCO,,,,,Alcohol,,850,,,,,,,,,,,7.5,,,,,,,,,,
"Koivisto, Ladommatos, Gold - 2015 - Systematic study of the effect of the hydroxyl functional group in alcohol molecules","3,7-Dimethyl-1-octanol",P,CC(C)CCCC(C)CCO,,,,,Alcohol,,832,,,13.66,,,,,,,,7.5,,,,,,,,,,
"Koivisto, Ladommatos, Gold - 2015 - Systematic study of the effect of the hydroxyl functional group in alcohol molecules","3,7-Dimethyl-3-octanol",P,CCC(C)(CCCC(C)C)O,,,,,Alcohol,,826,,,11.06,,,,,,,,7.5,,,,,,,,,,
"Koivisto, Ladommatos, Gold - 2015 - Systematic study of the effect of the hydroxyl functional group in alcohol molecules",1-Dodecanol,P,CCCCCCCCCCCCO,,,,,Alcohol,,830,,,16.34,,,,,,,,7.5,,,,,,,,,,
"Koivisto, Ladommatos, Gold - 2015 - Systematic study of the effect of the hydroxyl functional group in alcohol molecules",1-Tetradecanol,P,CCCCCCCCCCCCCCO,,,,,Alcohol,,824,,,,,,,,,,,7.5,,,,,,,,,,
"Koivisto, Ladommatos, Gold - 2015 - Systematic study of the effect of the hydroxyl functional group in alcohol molecules",1-Hexadecanol,P,CCCCCCCCCCCCCCCCO,,,,,Alcohol,,818,,,,,,,,,,,7.5,,,,,,,,,,
Compression ignition and pollutant emissions of large alkylbenzenes,1-Heptanol,P,CCCCCCCO,,Alcohol,Y,plant/animal oils or fermentation of sugars,Alcohol,,,820,,,5.78,,,,,,,7.5,8.1,,,,,,,,,
Compression ignition and pollutant emissions of large alkylbenzenes,1-Octanol,P,CCCCCCCCO,,Alcohol,Y,"palm oil, coconut oil, etc",Alcohol,,,823,,,7.49,,,,,,,7.5,8.1,,,,,,,,,
Compression ignition and pollutant emissions of large alkylbenzenes,1-Dodecanol,P,CCCCCCCCCCCCO,,Alcohol,Y, lauric acid found in palm or coconut oil,Alcohol,,,830,,,16.34,,,,,,,7.5,5.3,,,,,,,,,
Compression ignition and pollutant emissions of large alkylbenzenes,Heptylbenzene,P,CCCCCCCC1=CC=CC=C1,,Alkylbenzene,N,Fossil / Synthetic,Alkylbenzene,,,853,,,1.92,,,,,,,7.5,6.1,,,,,,,,,
Compression ignition and pollutant emissions of large alkylbenzenes,Octylbenzene,P,CCCCCCCCC1=CC=CC=C1,,Alkylbenzene,N,Fossil / Synthetic,Alkylbenzene,,,853,,,2.37,,,,,,,7.5,5.5,,,,,,,,,
Compression ignition and pollutant emissions of large alkylbenzenes,Dodecylbenzene,P,CCCCCCCCCCCCC1=CC=CC=C1,,Alkylbenzene,N,Fossil / Synthetic,Alkylbenzene,,,849,,,4.95,,,,,,,7.5,5.3,,,,,,,,,
Compression ignition and pollutant emissions of large alkylbenzenes,Heptane,P,CCCCCCC,,Alkane (Paraffin),N,Fossil,Alkane ,,,682,,,0.39,,,,,,,7.5,6,,,,,,,,,
Compression ignition and pollutant emissions of large alkylbenzenes,Octane,P,CCCCCCCC,,Alkane (Paraffin),N,Fossil,Alkane ,,,699,,,0.51,,,,,,,7.5,5.5,,,,,,,,,
Compression ignition and pollutant emissions of large alkylbenzenes,Dodecane,P,CCCCCCCCCCCC,,Alkane (Paraffin),N,Fossil,Alkane ,,,745,,,1.39,,,,,,,7.5,4.5,,,,,,,,,
Compression ignition and pollutant emissions of large alkylbenzenes,Toluene+Hexane,M,multiple,"toluene, hexane",Alkane/Aromatic Mix,N,Fossil,Alkane/Aromatic Mix,,,692,,,,,,,,,,7.5,6.7,,,,,,,,,
Compression ignition and pollutant emissions of large alkylbenzenes,Toluene+Heptane,M,multiple,"toluene, heptane",Alkane/Aromatic Mix,N,Fossil,Alkane/Aromatic Mix,,,720,,,,,,,,,,7.5,6.3,,,,,,,,,
Compression ignition and pollutant emissions of large alkylbenzenes,Toluene+Undecane,M,multiple,"toluene, undecane",Alkane/Aromatic Mix,N,Fossil,Alkane/Aromatic Mix,,,783,,,,,,,,,,7.5,5.2,,,,,,,,,
The influence of various oxygenated functional groups in carbonyl and ether compounds on compression ignition and exhaust gas emissions,2-Octanone,P,CCCCCCC(=O)C,,Ketone,Y,Synthetic/Renewable,Ketone,,,815,,,0.96,,,,,,,7.5,5.7,,,,,,,,,
The influence of various oxygenated functional groups in carbonyl and ether compounds on compression ignition and exhaust gas emissions,2-Nonanone,P,CCCCCCCC(=O)C,,Ketone,Y,Synthetic/Renewable,Ketone,,,817,,,1.17,,,,,,,7.5,5.3,,,,,,,,,
The influence of various oxygenated functional groups in carbonyl and ether compounds on compression ignition and exhaust gas emissions,5-Nonanone,P,CCCCC(=O)CCCC,,Ketone,Y,Synthetic/Renewable,Ketone,,,826,,,,,,,,,,7.5,6.6,,,,,,,,,
The influence of various oxygenated functional groups in carbonyl and ether compounds on compression ignition and exhaust gas emissions,2-Decanone,P,CCCCCCCCC(=O)C,,Ketone,Y,Synthetic/Renewable,Ketone,,,820,,,1.36,,,,,,,7.5,4.9,,,,,,,,,
The influence of various oxygenated functional groups in carbonyl and ether compounds on compression ignition and exhaust gas emissions,3-Decanone,P,CCCCCCCC(=O)CC,,Ketone,Y,Synthetic/Renewable,Ketone,,,825,,,,,,,,,,7.5,4.8,,,,,,,,,
The influence of various oxygenated functional groups in carbonyl and ether compounds on compression ignition and exhaust gas emissions,2-Undecanone,P,CCCCCCCCCC(=O)C,,Ketone,Y,Synthetic/Renewable,Ketone,,,822,,,,,,,,,,7.5,4.6,,,,,,,,,
The influence of various oxygenated functional groups in carbonyl and ether compounds on compression ignition and exhaust gas emissions,Octanoic acid,P,CCCCCCCC(=O)O,,Carboxylic Acid,Y,Renewable,Carboxylic Acid,,,910,,,,,,,,,,7.5,6.5,,,,,,,,,
The influence of various oxygenated functional groups in carbonyl and ether compounds on compression ignition and exhaust gas emissions,Nonanoic acid,P,CCCCCCCCC(=O)O,,Carboxylic Acid,Y,Renewable,Carboxylic Acid,,,902,,,8.12,,,,,,,7.5,6,,,,,,,,,
The influence of various oxygenated functional groups in carbonyl and ether compounds on compression ignition and exhaust gas emissions,Decanoic acid,P,CCCCCCCCCC(=O)O,,Carboxylic Acid,Y,Renewable,Carboxylic Acid,,,893,,,,,,,,,,7.5,5.5,,,,,,,,,
The influence of various oxygenated functional groups in carbonyl and ether compounds on compression ignition and exhaust gas emissions,Undecanoic acid,P,CCCCCCCCCCC(=O)O,,Carboxylic Acid,Y,Renewable,Carboxylic Acid,,,890,,,,,,,,,,7.5,5.2,,,,,,,,,
The influence of various oxygenated functional groups in carbonyl and ether compounds on compression ignition and exhaust gas emissions,10-Undecenoic acid,P,C=CCCCCCCCCC(=O)O,,Carboxylic Acid,Y,Renewable,Carboxylic Acid,,,912,,,,,,,,,,7.5,7,,,,,,,,,
The influence of various oxygenated functional groups in carbonyl and ether compounds on compression ignition and exhaust gas emissions,Dodecanoic acid,P,CCCCCCCCCCCC(=O)O,,Carboxylic Acid,Y,Renewable,Carboxylic Acid,,,883,,,,,,,,,,7.5,4.8,,,,,,,,,
The influence of various oxygenated functional groups in carbonyl and ether compounds on compression ignition and exhaust gas emissions,Hexadecanoic acid,P,CCCCCCCCCCCCCCCC(=O)O,,Carboxylic Acid,Y,Renewable,Carboxylic Acid,,,852,,,,,,,,,,7.5,4.2,,,,,,,,,
The influence of various oxygenated functional groups in carbonyl and ether compounds on compression ignition and exhaust gas emissions,Methyl octanoate,P,CCCCCCCC(=O)OC,,Ester (Biodiesel),Y,Renewable,Ester (Biodiesel),,,877,,,,,,,,,,7.5,5.7,,,,,,,,,
The influence of various oxygenated functional groups in carbonyl and ether compounds on compression ignition and exhaust gas emissions,Methyl nonanoate,P,CCCCCCCCC(=O)OC,,Ester (Biodiesel),Y,Renewable,Ester (Biodiesel),,,875,,,,,,,,,,7.5,5.3,,,,,,,,,
The influence of various oxygenated functional groups in carbonyl and ether compounds on compression ignition and exhaust gas emissions,Methyl decanoate,P,CCCCCCCCCC(=O)OC,,Ester (Biodiesel),Y,Renewable,Ester (Biodiesel),,,871,,,,,,,,,,7.5,4.9,,,,,,,,,
The influence of various oxygenated functional groups in carbonyl and ether compounds on compression ignition and exhaust gas emissions,Methyl hexadecanoate,P,CCCCCCCCCCCCCCCC(=O)OC,,Ester (Biodiesel),Y,Renewable,Ester (Biodiesel),,,852,,,,,,,,,,7.5,4.2,,,,,,,,,
The influence of various oxygenated functional groups in carbonyl and ether compounds on compression ignition and exhaust gas emissions,Dibutyl ether,P,CCCCOCCCC,,Ether,Y,Synthetic/Renewable,Ether,,,764,,,0.62,,,,,,,7.5,3.3,,,,,,,,,
The influence of various oxygenated functional groups in carbonyl and ether compounds on compression ignition and exhaust gas emissions,Ethyl diglyme,P,CCOCCOCCOCC,,Ether,Y,Synthetic/Renewable,Ether,,,904,,,1.24,,,,,,,7.5,2.4,,,,,,,,,
The influence of various oxygenated functional groups in carbonyl and ether compounds on compression ignition and exhaust gas emissions,Dibutoxymethane,P,CCCCOCOCCCC,,Ether,Y,Synthetic/Renewable,Ether,,,834,,,0.964,,,,,,,7.5,3.8,,,,,,,,,
The influence of various oxygenated functional groups in carbonyl and ether compounds on compression ignition and exhaust gas emissions,Octane,P,CCCCCCCC,,Alkane,N,Fossil,Alkane,,,699,,,0.51,,,,,,,7.5,4.5,,,,,,,,,
The influence of various oxygenated functional groups in carbonyl and ether compounds on compression ignition and exhaust gas emissions,Nonane,P,CCCCCCCCC,,Alkane,N,Fossil,Alkane,,,715,,,0.67,,,,,,,7.5,4.2,,,,,,,,,
The influence of various oxygenated functional groups in carbonyl and ether compounds on compression ignition and exhaust gas emissions,Reference Diesel,M,multiple,,Fossil Diesel,N,Fossil,Fossil Diesel,,,,,,,,,,,,,7.5,4.9,,,,,,,,,
